minute,T_true_degC,P_true_bar
0.000000,20.000000,2.000000
1.000000,21.318628,2.005275
2.000000,22.608276,2.010433
3.000000,23.869581,2.015478
4.000000,25.103166,2.020413
5.000000,26.309641,2.025239
6.000000,27.489601,2.029958
7.000000,28.643629,2.034575
8.000000,29.772294,2.039089
9.000000,30.876155,2.043505
10.000000,31.955756,2.047823
11.000000,33.011630,2.052047
12.000000,34.044300,2.056177
13.000000,35.054274,2.060217
14.000000,36.042052,2.064168
15.000000,37.008121,2.068032
16.000000,37.952959,2.071812
17.000000,38.877033,2.075508
18.000000,39.780797,2.079123
19.000000,40.664700,2.082659
20.000000,41.529177,2.086117
21.000000,42.374655,2.089499
22.000000,43.201552,2.092806
23.000000,44.010276,2.096041
24.000000,44.801227,2.099205
25.000000,45.574795,2.102299
26.000000,46.331362,2.105325
27.000000,47.071302,2.108285
28.000000,47.794980,2.111180
29.000000,48.502754,2.114011
30.000000,49.194973,2.116780
31.000000,49.871979,2.119488
32.000000,50.534106,2.122136
33.000000,51.181682,2.124727
34.000000,51.815026,2.127260
35.000000,52.434451,2.129738
36.000000,53.040262,2.132161
37.000000,53.632760,2.134531
38.000000,54.212236,2.136849
39.000000,54.778977,2.139116
40.000000,55.333263,2.141333
41.000000,55.875367,2.143501
42.000000,56.405557,2.145622
43.000000,56.924095,2.147696
44.000000,57.431237,2.149725
45.000000,57.927234,2.151709
46.000000,58.412330,2.153649
47.000000,58.886765,2.155547
48.000000,59.350773,2.157403
49.000000,59.804583,2.159218
50.000000,60.248421,2.160994
51.000000,60.682504,2.162730
52.000000,61.107047,2.164428
53.000000,61.522260,2.166089
54.000000,61.928347,2.167713
55.000000,62.325510,2.169302
56.000000,62.713945,2.170856
57.000000,63.093843,2.172375
58.000000,63.465391,2.173862
59.000000,63.828775,2.175315
60.000000,64.184172,2.176737
61.000000,64.531758,2.178127
62.000000,64.871706,2.179487
63.000000,65.204182,2.180817
64.000000,65.529352,2.182117
65.000000,65.847375,2.183390
66.000000,66.158409,2.184634
67.000000,66.462607,2.185850
68.000000,66.760120,2.187040
69.000000,67.051095,2.188204
70.000000,67.335675,2.189343
71.000000,67.614000,2.190456
72.000000,67.886209,2.191545
73.000000,68.152435,2.192610
74.000000,68.412811,2.193651
75.000000,68.667464,2.194670
76.000000,68.916520,2.195666
77.000000,69.160103,2.196640
78.000000,69.398333,2.197593
79.000000,69.631327,2.198525
80.000000,69.859201,2.199437
81.000000,70.082067,2.200328
82.000000,70.300034,2.201200
83.000000,70.513212,2.202053
84.000000,70.721704,2.202887
85.000000,70.925614,2.203702
86.000000,71.125043,2.204500
87.000000,71.320089,2.205280
88.000000,71.510849,2.206043
89.000000,71.697416,2.206790
90.000000,71.879883,2.207520
91.000000,72.058340,2.208233
92.000000,72.232875,2.208931
93.000000,72.403574,2.209614
94.000000,72.570521,2.210282
95.000000,72.733800,2.210935
96.000000,72.893490,2.211574
97.000000,73.049671,2.212199
98.000000,73.202419,2.212810
99.000000,73.351810,2.213407
100.000000,73.497919,2.213992
101.000000,73.640816,2.214563
102.000000,73.780572,2.215122
103.000000,73.917257,2.215669
104.000000,74.050939,2.216204
105.000000,74.181682,2.216727
106.000000,74.309552,2.217238
107.000000,74.434612,2.217738
108.000000,74.556923,2.218228
109.000000,74.676546,2.218706
110.000000,74.793540,2.219174
111.000000,74.907963,2.219632
112.000000,75.019872,2.220079
113.000000,75.129321,2.220517
114.000000,75.236364,2.220945
115.000000,75.341055,2.221364
116.000000,75.443445,2.221774
117.000000,75.543585,2.222174
118.000000,75.641525,2.222566
119.000000,75.737311,2.222949
120.000000,75.830993,2.223324
121.000000,75.922616,2.223690
122.000000,76.012225,2.224049
123.000000,76.099865,2.224399
124.000000,76.185579,2.224742
125.000000,76.269409,2.225078
126.000000,76.351396,2.225406
127.000000,76.431582,2.225726
128.000000,76.510006,2.226040
129.000000,76.586706,2.226347
130.000000,76.661720,2.226647
131.000000,76.735086,2.226940
132.000000,76.806839,2.227227
133.000000,76.877016,2.227508
134.000000,76.945650,2.227783
135.000000,77.012776,2.228051
136.000000,77.078427,2.228314
137.000000,77.142634,2.228571
138.000000,77.205431,2.228822
139.000000,77.266848,2.229067
140.000000,77.326914,2.229308
141.000000,77.385661,2.229543
142.000000,77.443117,2.229772
143.000000,77.499310,2.229997
144.000000,77.554268,2.230217
145.000000,77.608018,2.230432
146.000000,77.660587,2.230642
147.000000,77.712000,2.230848
148.000000,77.762284,2.231049
149.000000,77.811463,2.231246
150.000000,77.859560,2.231438
151.000000,77.906601,2.231626
152.000000,77.952608,2.231810
153.000000,77.997604,2.231990
154.000000,78.041611,2.232166
155.000000,78.084650,2.232339
156.000000,78.126744,2.232507
157.000000,78.167913,2.232672
158.000000,78.208177,2.232833
159.000000,78.247556,2.232990
160.000000,78.286070,2.233144
161.000000,78.323737,2.233295
162.000000,78.360577,2.233442
163.000000,78.396606,2.233586
164.000000,78.431844,2.233727
165.000000,78.466308,2.233865
166.000000,78.500014,2.234000
167.000000,78.532980,2.234132
168.000000,78.565220,2.234261
169.000000,78.596753,2.234387
170.000000,78.627592,2.234510
171.000000,78.657754,2.234631
172.000000,78.687252,2.234749
173.000000,78.716103,2.234864
174.000000,78.744319,2.234977
175.000000,78.771915,2.235088
176.000000,78.798905,2.235196
177.000000,78.825302,2.235301
178.000000,78.851118,2.235404
179.000000,78.876367,2.235505
180.000000,78.901062,2.235604
181.000000,78.925213,2.235701
182.000000,78.948834,2.235795
183.000000,78.971936,2.235888
184.000000,78.994529,2.235978
185.000000,79.016627,2.236067
186.000000,79.038238,2.236153
187.000000,79.059375,2.236238
188.000000,79.080047,2.236320
189.000000,79.100265,2.236401
190.000000,79.120039,2.236480
191.000000,79.139378,2.236558
192.000000,79.158292,2.236633
193.000000,79.176790,2.236707
194.000000,79.194882,2.236780
195.000000,79.212576,2.236850
196.000000,79.229882,2.236920
197.000000,79.246807,2.236987
198.000000,79.263360,2.237053
199.000000,79.279549,2.237118
200.000000,79.295382,2.237182
201.000000,79.310868,2.237243
202.000000,79.326013,2.237304
203.000000,79.340825,2.237363
204.000000,79.355312,2.237421
205.000000,79.369480,2.237478
206.000000,79.383337,2.237533
207.000000,79.396890,2.237588
208.000000,79.410144,2.237641
209.000000,79.423108,2.237692
210.000000,79.435786,2.237743
211.000000,79.448186,2.237793
212.000000,79.460313,2.237841
213.000000,79.472174,2.237889
214.000000,79.483774,2.237935
215.000000,79.495119,2.237980
216.000000,79.506215,2.238025
217.000000,79.517067,2.238068
218.000000,79.527681,2.238111
219.000000,79.538061,2.238152
220.000000,79.548213,2.238193
221.000000,79.558142,2.238233
222.000000,79.567853,2.238271
223.000000,79.577350,2.238309
224.000000,79.586639,2.238347
225.000000,79.595723,2.238383
226.000000,79.604608,2.238418
227.000000,79.613298,2.238453
228.000000,79.621796,2.238487
229.000000,79.630108,2.238520
230.000000,79.638237,2.238553
231.000000,79.646188,2.238585
232.000000,79.653963,2.238616
233.000000,79.661568,2.238646
234.000000,79.669006,2.238676
235.000000,79.676280,2.238705
236.000000,79.683395,2.238734
237.000000,79.690353,2.238761
238.000000,79.697158,2.238789
239.000000,79.703814,2.238815
240.000000,79.710323,2.238841
241.000000,79.716689,2.238867
242.000000,79.722916,2.238892
243.000000,79.729005,2.238916
244.000000,79.734961,2.238940
245.000000,79.740786,2.238963
246.000000,79.746482,2.238986
247.000000,79.752054,2.239008
248.000000,79.757503,2.239030
249.000000,79.762833,2.239051
250.000000,79.768045,2.239072
251.000000,79.773143,2.239093
252.000000,79.778128,2.239113
253.000000,79.783004,2.239132
254.000000,79.787773,2.239151
255.000000,79.792437,2.239170
256.000000,79.796999,2.239188
257.000000,79.801460,2.239206
258.000000,79.805824,2.239223
259.000000,79.810091,2.239240
260.000000,79.814265,2.239257
261.000000,79.818347,2.239273
262.000000,79.822339,2.239289
263.000000,79.826243,2.239305
264.000000,79.830062,2.239320
265.000000,79.833797,2.239335
266.000000,79.837449,2.239350
267.000000,79.841022,2.239364
268.000000,79.844516,2.239378
269.000000,79.847933,2.239392
270.000000,79.851275,2.239405
271.000000,79.854543,2.239418
272.000000,79.857740,2.239431
273.000000,79.860867,2.239443
274.000000,79.863924,2.239456
275.000000,79.866915,2.239468
276.000000,79.869840,2.239479
277.000000,79.872700,2.239491
278.000000,79.875498,2.239502
279.000000,79.878234,2.239513
280.000000,79.880910,2.239524
281.000000,79.883527,2.239534
282.000000,79.886087,2.239544
283.000000,79.888591,2.239554
284.000000,79.891039,2.239564
285.000000,79.893434,2.239574
286.000000,79.895776,2.239583
287.000000,79.898066,2.239592
288.000000,79.900307,2.239601
289.000000,79.902498,2.239610
290.000000,79.904640,2.239619
291.000000,79.906736,2.239627
292.000000,79.908786,2.239635
293.000000,79.910790,2.239643
294.000000,79.912751,2.239651
295.000000,79.914668,2.239659
296.000000,79.916544,2.239666
297.000000,79.918378,2.239674
298.000000,79.920172,2.239681
299.000000,79.921926,2.239688
300.000000,79.923642,2.239695
301.000000,79.925320,2.239701
302.000000,79.926961,2.239708
303.000000,79.928567,2.239714
304.000000,79.930136,2.239721
305.000000,79.931672,2.239727
306.000000,79.933173,2.239733
307.000000,79.934642,2.239739
308.000000,79.936079,2.239744
309.000000,79.937483,2.239750
310.000000,79.938857,2.239755
311.000000,79.940201,2.239761
312.000000,79.941515,2.239766
313.000000,79.942801,2.239771
314.000000,79.944058,2.239776
315.000000,79.945287,2.239781
316.000000,79.946490,2.239786
317.000000,79.947666,2.239791
318.000000,79.948816,2.239795
319.000000,79.949941,2.239800
320.000000,79.951041,2.239804
321.000000,79.952117,2.239808
322.000000,79.953169,2.239813
323.000000,79.954198,2.239817
324.000000,79.955205,2.239821
325.000000,79.956189,2.239825
326.000000,79.957152,2.239829
327.000000,79.958094,2.239832
328.000000,79.959015,2.239836
329.000000,79.959916,2.239840
330.000000,79.960796,2.239843
331.000000,79.961658,2.239847
332.000000,79.962501,2.239850
333.000000,79.963325,2.239853
334.000000,79.964131,2.239857
335.000000,79.964919,2.239860
336.000000,79.965690,2.239863
337.000000,79.966444,2.239866
338.000000,79.967182,2.239869
339.000000,79.967903,2.239872
340.000000,79.968608,2.239874
341.000000,79.969298,2.239877
342.000000,79.969973,2.239880
343.000000,79.970633,2.239883
344.000000,79.971278,2.239885
345.000000,79.971909,2.239888
346.000000,79.972527,2.239890
347.000000,79.973131,2.239893
348.000000,79.973721,2.239895
349.000000,79.974299,2.239897
350.000000,79.974863,2.239899
351.000000,79.975416,2.239902
352.000000,79.975956,2.239904
353.000000,79.976485,2.239906
354.000000,79.977001,2.239908
355.000000,79.977507,2.239910
356.000000,79.978001,2.239912
357.000000,79.978485,2.239914
358.000000,79.978957,2.239916
359.000000,79.979420,2.239918
