t_s,T_degC
2,64.022610801018047
4,112.05553248589284
6,143.06075256957706
8,161.80507436746916
10,173.94010763403304
12,186.70173382066645
14,194.99021479730007
16,203.09884462528984
18,207.52006267658075
20,214.66483231862071
22,219.26183566379399
24,224.65229773784523
26,226.9928117578101
28,230.4132343521091
30,231.32331781930367
32,237.71756798491981
34,235.97019910568318
36,241.2120165854555
38,241.83328349632166
40,243.18504349918138
42,245.17895478402511
44,246.81461284930461
46,249.41262825169866
48,250.37340236847217
50,253.33156896836812
52,251.30751988373336
54,254.35180429547916
56,254.61640585957471
58,257.37917080516314
60,255.52615749658415
